Tracking Number,Sender,Receiver,Date,Three-Code,Filename
TH1000000001,View,Palm,2025-02-28,0SO,barcodes/TH1000000001.png
TH1000000002,Oil,Gade,2025-03-19,T5Y,barcodes/TH1000000002.png
TH1000000003,Fah,Kwan,2025-02-28,N2R,barcodes/TH1000000003.png
TH1000000004,Pang,Atom,2025-03-06,6SE,barcodes/TH1000000004.png
TH1000000005,Game,Aom,2025-02-27,EM3,barcodes/TH1000000005.png
TH1000000006,Rattapol,Tukta,2025-02-28,X23,barcodes/TH1000000006.png
TH1000000007,Jub,Nina,2025-03-23,U21,barcodes/TH1000000007.png
TH1000000008,Anya,Kwan,2025-03-24,YKX,barcodes/TH1000000008.png
TH1000000009,Fah,Noon,2025-02-28,6TQ,barcodes/TH1000000009.png
TH1000000010,Fah,Top,2025-03-05,FHA,barcodes/TH1000000010.png
TH1000000011,Golf,Nam,2025-03-01,Y0I,barcodes/TH1000000011.png
TH1000000012,Anya,Benz,2025-03-12,FUI,barcodes/TH1000000012.png
TH1000000013,May,Palm,2025-03-03,3EG,barcodes/TH1000000013.png
TH1000000014,Jub,Ying,2025-03-13,148,barcodes/TH1000000014.png
TH1000000015,Belle,Bam,2025-03-08,UOJ,barcodes/TH1000000015.png
TH1000000016,Tan,Toon,2025-03-01,0HB,barcodes/TH1000000016.png
TH1000000017,Jub,Atom,2025-03-25,T79,barcodes/TH1000000017.png
TH1000000018,View,Dream,2025-03-04,Y67,barcodes/TH1000000018.png
TH1000000019,View,Waan,2025-02-27,TSY,barcodes/TH1000000019.png
TH1000000020,Nook,Kwan,2025-03-12,MVY,barcodes/TH1000000020.png
TH1000000021,Suda,Pangpond,2025-02-23,JWV,barcodes/TH1000000021.png
TH1000000022,Jub,Noon,2025-03-06,6C6,barcodes/TH1000000022.png
TH1000000023,Fon,Tarn,2025-02-27,AR0,barcodes/TH1000000023.png
TH1000000024,Rattapol,Cake,2025-03-12,96I,barcodes/TH1000000024.png
TH1000000025,Mook,Atom,2025-03-13,1WD,barcodes/TH1000000025.png
TH1000000026,May,Jay,2025-03-13,9B0,barcodes/TH1000000026.png
TH1000000027,Pang,Boss,2025-02-25,K2J,barcodes/TH1000000027.png
TH1000000028,Suda,Atom,2025-03-22,ZRX,barcodes/TH1000000028.png
TH1000000029,View,Aom,2025-03-22,XIE,barcodes/TH1000000029.png
TH1000000030,Ploy,Bank,2025-03-03,QUK,barcodes/TH1000000030.png
TH1000000031,Golf,Mek,2025-03-24,L03,barcodes/TH1000000031.png
TH1000000032,Oil,Nam,2025-03-18,3JN,barcodes/TH1000000032.png
TH1000000033,Nat,Pangpond,2025-03-01,3PJ,barcodes/TH1000000033.png
TH1000000034,Beam,Jay,2025-02-23,QM0,barcodes/TH1000000034.png
TH1000000035,View,Nam,2025-03-21,RSM,barcodes/TH1000000035.png
TH1000000036,Nook,Bank,2025-02-23,S6G,barcodes/TH1000000036.png
TH1000000037,Rattapol,Zee,2025-03-22,P95,barcodes/TH1000000037.png
TH1000000038,Beam,Mek,2025-03-13,KJN,barcodes/TH1000000038.png
TH1000000039,Petch,Dream,2025-02-25,SEO,barcodes/TH1000000039.png
TH1000000040,Anya,Benz,2025-03-05,U8J,barcodes/TH1000000040.png
TH1000000041,Fah,Gift,2025-03-19,VH5,barcodes/TH1000000041.png
TH1000000042,Nene,Tarn,2025-03-01,WG6,barcodes/TH1000000042.png
TH1000000043,Nook,Bam,2025-03-17,85A,barcodes/TH1000000043.png
TH1000000044,Fah,Gift,2025-03-09,4M7,barcodes/TH1000000044.png
TH1000000045,Oil,Benz,2025-03-06,268,barcodes/TH1000000045.png
TH1000000046,Anya,Fern,2025-02-25,M2K,barcodes/TH1000000046.png
TH1000000047,Mild,Top,2025-03-24,SLB,barcodes/TH1000000047.png
TH1000000048,Junior,Nina,2025-03-20,F2U,barcodes/TH1000000048.png
TH1000000049,Mild,Best,2025-02-26,8HE,barcodes/TH1000000049.png
TH1000000050,Mild,Dream,2025-03-14,RUM,barcodes/TH1000000050.png
TH1000000051,Tle,Cake,2025-03-10,F02,barcodes/TH1000000051.png
TH1000000052,Ice,Benz,2025-03-20,H92,barcodes/TH1000000052.png
TH1000000053,Ploy,Waan,2025-03-22,PWK,barcodes/TH1000000053.png
TH1000000054,Jub,Gade,2025-03-21,2KV,barcodes/TH1000000054.png
TH1000000055,Nat,Benz,2025-03-11,JE5,barcodes/TH1000000055.png
TH1000000056,Nat,Benz,2025-03-14,WW3,barcodes/TH1000000056.png
TH1000000057,Ice,Gift,2025-03-22,5WF,barcodes/TH1000000057.png
TH1000000058,Belle,Aom,2025-03-12,7ZY,barcodes/TH1000000058.png
TH1000000059,May,Noon,2025-03-13,255,barcodes/TH1000000059.png
TH1000000060,Belle,Fern,2025-03-11,YVL,barcodes/TH1000000060.png
TH1000000061,Mind,Boss,2025-03-25,XN2,barcodes/TH1000000061.png
TH1000000062,Mild,Palm,2025-03-03,LKP,barcodes/TH1000000062.png
TH1000000063,Nat,Zee,2025-03-01,ZF6,barcodes/TH1000000063.png
TH1000000064,May,Gift,2025-03-20,VGP,barcodes/TH1000000064.png
TH1000000065,Fah,Ying,2025-03-22,K1O,barcodes/TH1000000065.png
TH1000000066,Nattapon,Cake,2025-03-14,9Q0,barcodes/TH1000000066.png
TH1000000067,Tle,Toon,2025-02-26,335,barcodes/TH1000000067.png
TH1000000068,Pang,Boss,2025-03-10,226,barcodes/TH1000000068.png
TH1000000069,View,Jay,2025-03-09,31F,barcodes/TH1000000069.png
TH1000000070,Golf,Atom,2025-03-03,N10,barcodes/TH1000000070.png
TH1000000071,Ice,Boss,2025-03-25,O6U,barcodes/TH1000000071.png
TH1000000072,Nattapon,Atom,2025-03-23,7B2,barcodes/TH1000000072.png
TH1000000073,Petch,Yui,2025-03-11,7GU,barcodes/TH1000000073.png
TH1000000074,Nook,Jay,2025-02-27,39J,barcodes/TH1000000074.png
TH1000000075,Beam,Boss,2025-03-17,UF1,barcodes/TH1000000075.png
TH1000000076,Golf,Oom,2025-03-06,IZ7,barcodes/TH1000000076.png
TH1000000077,Golf,Tarn,2025-02-27,UJG,barcodes/TH1000000077.png
TH1000000078,Nook,Waan,2025-03-11,YGD,barcodes/TH1000000078.png
TH1000000079,Nattapon,Jay,2025-03-24,967,barcodes/TH1000000079.png
TH1000000080,Petch,Gift,2025-03-21,Q6H,barcodes/TH1000000080.png
TH1000000081,Beam,Kwan,2025-03-04,OVO,barcodes/TH1000000081.png
TH1000000082,View,Gade,2025-03-25,7HZ,barcodes/TH1000000082.png
TH1000000083,Belle,Cake,2025-03-19,0AK,barcodes/TH1000000083.png
TH1000000084,Jin,Yui,2025-03-20,AZW,barcodes/TH1000000084.png
TH1000000085,Nook,Cake,2025-03-10,E74,barcodes/TH1000000085.png
TH1000000086,Beam,Tarn,2025-03-13,FKY,barcodes/TH1000000086.png
TH1000000087,Anya,Tukta,2025-03-18,MR8,barcodes/TH1000000087.png
TH1000000088,Nene,Gift,2025-03-04,VQ0,barcodes/TH1000000088.png
TH1000000089,View,Mint,2025-03-18,T4U,barcodes/TH1000000089.png
TH1000000090,Fon,Mek,2025-03-09,AZR,barcodes/TH1000000090.png
TH1000000091,Pang,Toon,2025-03-05,1E4,barcodes/TH1000000091.png
TH1000000092,May,Oom,2025-02-28,ODP,barcodes/TH1000000092.png
TH1000000093,Fon,Toon,2025-02-25,30J,barcodes/TH1000000093.png
TH1000000094,Rattapol,Yui,2025-03-15,PP6,barcodes/TH1000000094.png
TH1000000095,Tle,Bank,2025-03-25,GHG,barcodes/TH1000000095.png
TH1000000096,Golf,Fern,2025-03-06,68Y,barcodes/TH1000000096.png
TH1000000097,Oat,Oom,2025-03-15,QI6,barcodes/TH1000000097.png
TH1000000098,Jin,Gift,2025-03-12,ZT9,barcodes/TH1000000098.png
TH1000000099,Mook,Mek,2025-03-09,C8H,barcodes/TH1000000099.png
TH1000000100,Jub,Zee,2025-03-02,7DZ,barcodes/TH1000000100.png
TH1000000101,Fah,Dream,2025-03-08,SG4,barcodes/TH1000000101.png
TH1000000102,Nat,Noon,2025-03-02,46Z,barcodes/TH1000000102.png
TH1000000103,Golf,Jay,2025-03-02,IMM,barcodes/TH1000000103.png
TH1000000104,Beam,Palm,2025-02-28,AGR,barcodes/TH1000000104.png
TH1000000105,Belle,Gade,2025-03-16,JWA,barcodes/TH1000000105.png
TH1000000106,Fon,Oom,2025-03-18,Y0E,barcodes/TH1000000106.png
TH1000000107,Anya,Fern,2025-03-19,FBK,barcodes/TH1000000107.png
TH1000000108,Nat,Best,2025-03-02,F39,barcodes/TH1000000108.png
TH1000000109,Fah,Aom,2025-03-13,PF1,barcodes/TH1000000109.png
TH1000000110,Tle,Bam,2025-03-07,YTI,barcodes/TH1000000110.png
TH1000000111,Ploy,Boss,2025-03-16,3OP,barcodes/TH1000000111.png
TH1000000112,Oat,Bam,2025-03-20,ZW7,barcodes/TH1000000112.png
TH1000000113,Mild,Tarn,2025-03-14,0BX,barcodes/TH1000000113.png
TH1000000114,May,Waan,2025-02-27,TG2,barcodes/TH1000000114.png
TH1000000115,Mook,Gift,2025-03-16,95L,barcodes/TH1000000115.png
TH1000000116,May,Cake,2025-03-08,0HV,barcodes/TH1000000116.png
TH1000000117,Nattapon,Best,2025-03-21,XFK,barcodes/TH1000000117.png
TH1000000118,Jub,Tarn,2025-03-18,I93,barcodes/TH1000000118.png
TH1000000119,Tan,Atom,2025-03-20,C41,barcodes/TH1000000119.png
TH1000000120,Anya,Cake,2025-03-04,4SW,barcodes/TH1000000120.png
TH1000000121,Mild,Pangpond,2025-03-03,S85,barcodes/TH1000000121.png
TH1000000122,View,Zee,2025-02-24,FIX,barcodes/TH1000000122.png
TH1000000123,Fon,Gade,2025-03-01,YUA,barcodes/TH1000000123.png
TH1000000124,Anya,Tarn,2025-03-25,LHA,barcodes/TH1000000124.png
TH1000000125,Pang,Oom,2025-02-28,TYJ,barcodes/TH1000000125.png
TH1000000126,Mild,Fern,2025-03-20,TZF,barcodes/TH1000000126.png
TH1000000127,Ice,Benz,2025-03-21,C2V,barcodes/TH1000000127.png
TH1000000128,Mild,Boss,2025-03-12,SD0,barcodes/TH1000000128.png
TH1000000129,Jin,Fern,2025-03-20,EZ9,barcodes/TH1000000129.png
TH1000000130,Fah,Bam,2025-03-21,ZAR,barcodes/TH1000000130.png
TH1000000131,May,Aom,2025-02-24,1BE,barcodes/TH1000000131.png
TH1000000132,Mind,Jay,2025-03-05,LI8,barcodes/TH1000000132.png
TH1000000133,Anya,Bam,2025-03-09,9G3,barcodes/TH1000000133.png
TH1000000134,Nattapon,Bam,2025-02-24,87M,barcodes/TH1000000134.png
TH1000000135,Mook,Benz,2025-03-05,PKR,barcodes/TH1000000135.png
TH1000000136,Fah,Dream,2025-03-17,6P5,barcodes/TH1000000136.png
TH1000000137,Mild,Best,2025-03-16,69S,barcodes/TH1000000137.png
TH1000000138,Somchai,Yui,2025-03-18,AST,barcodes/TH1000000138.png
TH1000000139,Fon,Aom,2025-02-23,MK6,barcodes/TH1000000139.png
TH1000000140,Suda,Pangpond,2025-03-23,4NB,barcodes/TH1000000140.png
TH1000000141,Nattapon,Dream,2025-02-23,OO7,barcodes/TH1000000141.png
TH1000000142,Fah,Boss,2025-03-24,17P,barcodes/TH1000000142.png
TH1000000143,Fah,Mint,2025-03-10,FAV,barcodes/TH1000000143.png
TH1000000144,Nook,Benz,2025-03-17,YFT,barcodes/TH1000000144.png
TH1000000145,May,Atom,2025-03-17,ITR,barcodes/TH1000000145.png
TH1000000146,Jin,Best,2025-03-11,EZZ,barcodes/TH1000000146.png
TH1000000147,Petch,Benz,2025-03-01,9LC,barcodes/TH1000000147.png
TH1000000148,May,Nina,2025-03-11,EDB,barcodes/TH1000000148.png
TH1000000149,Petch,Gade,2025-03-03,UHU,barcodes/TH1000000149.png
TH1000000150,Mook,Kwan,2025-02-24,SJN,barcodes/TH1000000150.png
TH1000000151,Nook,Atom,2025-03-02,SNT,barcodes/TH1000000151.png
TH1000000152,Oil,Ying,2025-03-03,HVS,barcodes/TH1000000152.png
TH1000000153,Pang,Best,2025-03-01,950,barcodes/TH1000000153.png
TH1000000154,Nat,Gade,2025-03-03,LTZ,barcodes/TH1000000154.png
TH1000000155,Junior,Dream,2025-03-23,DXM,barcodes/TH1000000155.png
TH1000000156,Petch,Mek,2025-03-05,VFZ,barcodes/TH1000000156.png
TH1000000157,Nook,Kwan,2025-02-24,NR1,barcodes/TH1000000157.png
TH1000000158,Fon,Bam,2025-03-22,PN6,barcodes/TH1000000158.png
TH1000000159,Mild,Jay,2025-02-27,3OG,barcodes/TH1000000159.png
TH1000000160,Oil,Tukta,2025-03-16,UMY,barcodes/TH1000000160.png
TH1000000161,Oat,Jay,2025-02-24,2QB,barcodes/TH1000000161.png
TH1000000162,May,Tarn,2025-03-03,A4I,barcodes/TH1000000162.png
TH1000000163,Petch,Cake,2025-03-16,3IZ,barcodes/TH1000000163.png
TH1000000164,Oil,Dream,2025-03-20,CLG,barcodes/TH1000000164.png
TH1000000165,Nene,Yui,2025-03-04,6DK,barcodes/TH1000000165.png
TH1000000166,Fah,Nam,2025-03-07,LN2,barcodes/TH1000000166.png
TH1000000167,Belle,Pangpond,2025-02-27,RVA,barcodes/TH1000000167.png
TH1000000168,Fah,Palm,2025-03-23,91V,barcodes/TH1000000168.png
TH1000000169,Nene,Bam,2025-03-02,QSE,barcodes/TH1000000169.png
TH1000000170,Jin,Palm,2025-03-05,IHF,barcodes/TH1000000170.png
TH1000000171,Nene,Ying,2025-02-26,O10,barcodes/TH1000000171.png
TH1000000172,Petch,Cake,2025-03-10,IZV,barcodes/TH1000000172.png
TH1000000173,Beam,Mek,2025-03-02,5WK,barcodes/TH1000000173.png
TH1000000174,Tan,Top,2025-03-19,R9L,barcodes/TH1000000174.png
TH1000000175,Junior,Tarn,2025-03-14,IM7,barcodes/TH1000000175.png
TH1000000176,Mook,Nam,2025-02-26,VHC,barcodes/TH1000000176.png
TH1000000177,Beam,Gade,2025-03-19,QLF,barcodes/TH1000000177.png
TH1000000178,Jin,Mint,2025-03-04,6CE,barcodes/TH1000000178.png
TH1000000179,Golf,Gift,2025-03-17,HWV,barcodes/TH1000000179.png
TH1000000180,Tle,Yui,2025-03-17,CXJ,barcodes/TH1000000180.png
TH1000000181,Beam,Toon,2025-03-14,YM6,barcodes/TH1000000181.png
TH1000000182,Ice,Pangpond,2025-03-21,PYA,barcodes/TH1000000182.png
TH1000000183,Belle,Mint,2025-02-28,20R,barcodes/TH1000000183.png
TH1000000184,Pang,Waan,2025-03-03,I9L,barcodes/TH1000000184.png
TH1000000185,Nene,Noon,2025-03-02,8CN,barcodes/TH1000000185.png
TH1000000186,Anya,Jay,2025-02-25,HOD,barcodes/TH1000000186.png
TH1000000187,Tle,Mek,2025-02-28,SHL,barcodes/TH1000000187.png
TH1000000188,Pang,Fern,2025-03-12,MAR,barcodes/TH1000000188.png
TH1000000189,Belle,Mint,2025-03-01,YNS,barcodes/TH1000000189.png
TH1000000190,Oat,Atom,2025-03-06,02P,barcodes/TH1000000190.png
TH1000000191,Fah,Aom,2025-03-07,AJK,barcodes/TH1000000191.png
TH1000000192,Tle,Gift,2025-03-10,HAK,barcodes/TH1000000192.png
TH1000000193,Beam,Best,2025-03-13,2ZS,barcodes/TH1000000193.png
TH1000000194,View,Gift,2025-03-24,RCB,barcodes/TH1000000194.png
TH1000000195,Mild,Nina,2025-02-26,940,barcodes/TH1000000195.png
TH1000000196,Oil,Toon,2025-03-04,5LA,barcodes/TH1000000196.png
TH1000000197,Junior,Toon,2025-03-24,UDY,barcodes/TH1000000197.png
TH1000000198,Nook,Fern,2025-03-19,W2I,barcodes/TH1000000198.png
TH1000000199,Anya,Boss,2025-02-24,YD6,barcodes/TH1000000199.png
TH1000000200,Petch,Nam,2025-03-17,J2X,barcodes/TH1000000200.png
